iterations	round	a	b	c	num	cur	d	e	f	g	h	i	j	k	l	m	n
1	1	121.7902	88.8723	7.1777	1.0019	0.7272	122.2847	1.3749	0.9243	1.1328	1.1815	1.2001	1.0009	0.8907	13.6388	0.4507	1.409
1	2	5.5068	3.2521	11.4248	1.0	0.834	4.6437	0.7271	0.8882	0.9225	1.2021	0.8001	0.9562	0.7695	14.1162	0.9266	1.2228
1	3	6.4388	4.3338	8.5486	0.7499	0.8995	5.8717	0.6661	0.7017	0.847	1.0918	0.7641	0.8178	0.8992	12.7947	0.2102	0.6395
1	4	5.5992	4.2512	6.3248	0.9299	0.7137	4.2321	0.7504	0.8879	0.9162	0.6262	0.8768	0.6282	0.8882	13.5017	1.0832	1.3673
1	5	5.6143	3.778	10.4325	0.8319	0.8992	4.6831	0.7504	0.6666	0.8576	1.0	1.002	0.8405	0.9015	13.5041	0.7854	1.3
1	6	4.8983	4.0382	8.6335	0.834	0.7272	5.1515	0.8188	1.1121	0.8561	1.0	0.8137	0.792	0.8992	13.3809	1.1542	0.959
1	7	4.3024	3.7187	8.5281	0.8466	0.9066	1.5651	0.7984	0.8745	0.7855	0.8009	0.9243	0.875	0.9015	12.7607	0.8545	2.3803
1	8	4.949	3.897	6.2255	1.0	1.1092	4.667	0.8766	0.718	1.0	0.6143	0.7153	1.0	0.7507	13.1418	0.7383	1.9998
1	9	4.5307	5.0471	6.549	0.8319	0.8992	5.2787	0.8879	0.8769	1.2721	1.0773	0.8126	0.8208	1.0003	13.542	0.8702	1.2096
1	10	5.8351	4.4287	6.9337	1.0	0.8009	5.3577	1.1266	0.779	0.7873	0.6313	0.9328	0.6578	0.8009	12.3996	1.1557	1.0387
5	1	4.2766	4.5854	9.3761	0.9991	0.9306	4.7771	0.9194	0.8888	0.8283	0.8073	0.9648	0.7996	0.9421	13.1603	0.5264	0.3854
5	2	5.409	4.0974	6.7138	0.9567	0.9776	6.1238	0.8893	0.9987	1.056	1.1664	1.1085	0.973	0.9382	12.9816	0.8659	0.3234
5	3	5.6292	3.8268	10.4779	0.8943	0.895	5.7945	1.0006	1.0871	0.8474	0.9993	1.1286	0.6616	0.9553	13.2206	1.034	0.5763
5	4	6.1185	4.4362	7.3309	0.712	1.1153	4.9749	1.091	0.8613	0.882	0.7871	1.0306	0.781	0.9133	13.0485	0.9387	0.4166
5	5	5.9303	4.3274	4.6509	1.057	1.3861	5.9991	1.0733	0.9996	0.9997	0.8442	1.028	0.7998	1.0563	13.2351	1.0352	0.4063
5	6	5.238	4.2574	8.1458	0.9141	0.8242	4.6559	0.9803	1.0304	0.7212	0.925	0.8681	0.4896	1.1436	13.2791	1.0365	0.3485
5	7	5.4764	4.6609	9.2958	1.0	0.7554	5.172	0.8	1.1327	0.9694	1.0864	0.9479	0.8534	0.9224	13.3762	1.0348	0.3357
5	8	5.3606	4.8648	7.9477	1.124	1.1536	4.6742	1.1099	1.0834	0.8977	1.1674	0.868	0.7698	0.9152	13.3682	1.1177	0.3211
5	9	6.8692	3.6164	10.5729	1.0491	0.765	5.3338	1.0007	1.0496	1.0007	0.9272	1.1918	0.8134	0.9995	13.2203	1.0685	0.3242
5	10	5.326	4.0335	9.1655	1.0917	1.0252	5.1201	0.8805	1.0286	0.9692	0.8404	0.7776	0.731	1.1111	13.3895	1.3243	0.352
10	1	5.5522	3.6466	9.966	0.8359	0.942	6.0092	0.9099	0.9831	0.9997	1.0003	0.935	0.8836	1.1754	12.8668	0.3526	1.0908
10	2	6.711	4.2705	10.2222	0.8629	1.214	3.8142	1.067	0.0483	1.3866	0.9824	0.9112	0.9915	0.917	13.5425	0.319	1.0331
10	3	5.0044	3.694	10.7339	1.0152	1.0162	4.4514	0.8511	0.904	1.1631	0.9213	0.9207	0.5664	1.1259	13.6523	0.3401	1.0639
10	4	4.0405	4.1952	3.2744	1.2651	0.8845	5.1563	0.9626	0.9791	0.85	0.9823	0.8761	0.76	1.1035	13.6466	0.4215	1.0001
10	5	6.0521	4.1334	8.1038	0.844	0.929	4.8062	0.9286	1.1098	0.9353	1.0008	1.0163	1.0728	1.1479	13.3173	0.3103	1.199
10	6	5.4341	3.9009	8.1114	1.0496	1.0652	4.7586	0.8715	0.9822	1.1863	1.2985	1.0744	0.8603	1.0135	13.2659	0.3117	1.3793
10	7	5.4796	4.2109	8.8658	0.8235	1.1155	4.8465	1.0009	0.9977	0.8842	1.0003	0.8491	1.0523	0.838	13.3071	0.3063	1.0521
10	8	5.2855	3.295	10.1497	0.912	1.0386	4.762	0.982	1.0421	0.8143	0.8385	0.851	0.7499	0.9691	13.2702	0.5598	1.28
10	9	4.2372	3.1039	10.5083	0.8645	1.2176	4.8315	1.1067	0.9381	0.9136	1.0738	0.9308	0.6132	1.0427	12.8913	0.3529	1.1376
10	10	6.1017	3.8154	9.8806	1.1933	0.911	4.7714	1.0343	0.8763	1.0175	0.9083	0.8454	0.8091	0.968	13.1899	0.3374	1.048
20	1	5.5453	4.2343	9.3931	1.0275	1.1263	4.9708	1.9692	1.1259	0.7049	1.0264	0.585	0.7217	1.0167	13.2529	0.3611	1.649
20	2	5.243	4.4008	9.3743	0.979	1.0622	5.0813	1.0415	0.9093	0.8743	0.9528	1.009	1.1432	1.124	12.9606	0.5575	0.6726
20	3	5.1733	4.0175	9.7622	0.8683	1.0203	5.6276	0.9989	0.9302	1.1803	1.0642	0.9544	0.9304	0.9929	13.0375	0.5758	1.5573
20	4	4.7667	3.2675	9.282	1.0451	1.065	6.3551	1.1837	1.0005	0.9368	1.0391	0.7961	0.7423	1.135	12.3536	0.5848	1.6119
20	5	6.1288	4.5282	9.1221	0.9825	1.25	5.2414	0.9907	1.0445	1.0463	0.9756	0.9916	0.6876	0.8418	13.2012	0.4127	1.1621
20	6	9.1732	3.7773	9.3803	0.9468	1.0001	4.4367	1.228	1.1462	0.9842	7.4812	1.0003	0.6954	1.0151	13.4359	0.4229	1.071
20	7	4.7482	4.0164	10.4606	0.8796	0.9207	5.1943	1.0767	1.0807	1.199	0.9997	0.955	0.9053	1.054	13.0459	0.4093	0.7811
20	8	6.4779	3.9421	10.0846	0.9246	1.1191	4.7341	1.0537	1.013	0.9707	0.8797	0.7475	0.828	0.9554	13.206	0.3322	0.916
20	9	6.0862	4.0069	10.0635	1.0011	1.0921	5.5625	1.0208	1.0319	0.8629	1.5907	1.0826	0.6417	1.0525	13.1702	0.3332	0.7341
20	10	5.4921	3.6036	5.3025	1.2867	0.9272	5.4126	0.9898	0.931	0.9149	0.9377	0.9443	0.5448	1.125	13.0043	0.5974	0.8497
100	1	5.8052	3.4412	10.0265	1.0338	1.0879	5.1548	0.8902	0.9287	0.9549	0.925	1.6417	0.8309	0.9839	13.4456	0.5841	0.886
100	2	5.5044	4.1724	9.6375	1.0188	1.2568	6.0416	1.0363	0.7502	0.995	0.991	0.8239	0.8301	0.9229	13.0265	0.562	0.7886
100	3	5.4004	4.9946	9.4571	1.018	1.0251	5.5037	1.3906	1.0384	1.0019	0.9672	0.9348	1.0479	1.0003	13.1785	0.5782	0.8697
100	4	5.655	3.8096	9.7852	0.9327	0.9345	4.9879	1.2694	1.0612	0.9401	0.9125	0.9883	0.9658	0.9566	12.679	0.5961	0.8323
100	5	5.9659	4.8162	9.2391	1.0254	1.0187	5.0639	0.9931	1.0206	0.8382	0.9514	0.9166	0.8079	0.9727	12.7926	0.3521	0.9114
100	6	5.5082	4.2117	9.8763	1.0069	1.0273	6.1167	1.0193	0.9489	0.8978	0.9124	0.9874	0.862	0.9715	12.7069	0.3296	1.0513
100	7	5.4599	3.3945	9.8008	1.049	1.0967	5.417	1.036	0.9799	1.0347	0.9899	0.9648	0.8721	1.1348	13.5069	0.5834	1.0443
100	8	5.5058	4.0428	9.8914	0.9409	1.4121	4.9279	1.0102	1.195	0.9134	1.0652	0.9741	0.9339	1.0282	13.128	0.5569	0.869
100	9	5.728	4.0486	9.7756	0.9163	0.9961	4.8868	0.9634	0.9611	0.9616	0.8945	1.0478	0.9065	0.9374	13.2044	0.3218	0.9287
100	10	5.7052	3.6401	10.13	0.9933	1.1167	4.9455	1.0318	1.0069	1.0162	0.9318	0.9302	0.8433	0.9888	13.0846	0.3672	0.7995
500	1	5.6774	3.654	10.8534	1.0269	0.967	5.4673	1.0089	0.9044	0.9288	0.862	0.9543	0.7708	0.9369	13.1322	0.5672	0.8908
500	2	5.8933	3.6643	10.3201	0.9856	0.9873	5.5558	1.0089	0.939	0.9893	0.9049	0.8945	0.7355	0.9322	13.0782	0.3318	0.8667
500	3	5.6579	3.6856	10.1832	0.9866	0.9647	5.567	1.0719	1.0155	1.5334	0.8756	0.9344	0.8523	0.9615	12.9826	0.3512	0.8825
500	4	5.6947	4.0283	10.3734	1.211	0.9766	5.3763	0.9439	1.0167	0.9655	0.9474	0.9553	0.7618	0.9466	12.6389	0.5674	1.0149
500	5	5.5259	3.9351	11.5178	1.0078	0.9444	5.4178	1.0367	1.1	0.9849	0.9266	0.9275	0.8106	0.9023	12.5659	0.5434	0.8764
500	6	5.4788	3.3225	10.5667	0.8152	1.0158	5.4476	1.011	1.0181	1.0422	0.9008	0.9439	0.7783	0.9093	12.9304	0.3656	0.7366
500	7	5.1852	4.0318	10.2284	0.965	0.9798	5.1864	0.9462	0.9934	0.9091	0.8542	0.9124	0.735	0.9979	13.022	0.3405	0.9111
500	8	5.3831	3.5609	9.4468	0.9555	0.9826	5.3715	0.9439	0.9708	1.036	0.9072	0.9151	0.7838	0.9383	12.7383	0.3545	0.8173
500	9	5.6054	4.0607	10.7102	0.9765	0.995	5.1318	1.0005	0.979	1.0482	0.9026	0.9345	0.7989	0.9667	13.0923	0.4058	0.8636
500	10	5.7714	4.3618	10.0552	0.9443	0.9646	5.4599	0.9808	0.9547	0.945	0.9177	0.9629	0.7926	0.9456	12.8833	0.354	0.9294
